{
  "uuid": "655bb6eb-42ae-4795-aaaa-e679cd96bd6e",
  "shortName": "stock sim",
  "longName": "Stock Retrieval",
  "companyName": "Pebble",
  "versionCode": 1,
  "versionLabel": "1.0",
  "watchapp": {
    "watchface": true
  },
  "appKeys": {
    "Symbol": 0,
    "LastPrice": 1,
    "ChangePercent": 2, 
    "GOOG": 100, 
    "MSFT": 101
  },

  "resources": {
    "media": [
      {
        "type":"font", 
        "name":"FONT_CNL_20",
        "file":"cnl.ttf"
      },
      {
        "type":"png",
        "name":"IMAGE_BACKGROUND",
        "file":"background.png"
      },
      {
        "type":"png",
        "name":"IMAGE_DOWN",
        "file":"down.png"
      },
      {
        "type":"png",
        "name":"IMAGE_UP",
        "file":"up.png"
      }

    ]
  }
}
